PASSENGER, True, Alison Moss, Female, 24, Toyota, 1974, 4, DnWmSEsQsxcehE894, vMh2874187, Tokyo, BimAC7954, 1974-03-19 22:11:49, 1993-09-15 04:13:27
PASSENGER, True, Samuel Duke, Female, 29, Ford, 1973, 4, FwafuiKNVVMoue599, zLf6541847, Boston, EWNcA1826, 1973-10-09 04:42:42, 2047-08-03 02:38:05
PASSENGER, False, Tonya Smith, Female, 46, Ford, 2004, 4, TWhdAzivBoxWKj66, KOS6108039, Seattle, CVzHg1409, 2004-04-26 00:40:20, 2048-09-05 19:53:37
COMMERCIAL, True, Jeremy Johnson, Male, 40, Audi, 1987, 4, LKymiSHOfwTlUR70, kfV4322330, Boston, FMSgW4409, 1987-03-06 08:24:39, 2027-05-16 22:03:52
PASSENGER, True, Dana Watts, Male, 42, GM, 2000, 2, BRGmwOUGSWEfTZ993, SfI8248163, Boston, fXiLc311, 2000-04-16 08:50:11, 2016-10-08 12:28:53
COMMERCIAL, False, Marie Bauer, Female, 34, Tesla, 1982, 2, JJFSncrJsyiJGi776, jxq465271, Boston, hRcVL1267, 1982-02-24 14:16:15, 2033-04-20 16:15:10
PASSENGER, True, Jennifer Coleman, Male, 24, GM, 2002, 8, XDzWMNoHkoAptZ957, USY1142635, Arlington, CxQPZ582, 2002-10-25 11:30:52, 2020-03-29 11:40:23
PASSENGER, True, Dawn Douglas, Male, 47, Audi, 2012, 4, XMYxoENfJZqokt904, bMc9246308, Boston, GVnKZ6738, 2012-07-03 10:44:44, 2047-09-01 21:51:06
RENTAL, True, David Blake, Male, 20, BMW, 2001, 4, oYktbrvvsClxsK586, Ypy5842338, Bangalore, bULxn436, 2001-05-17 16:30:34, 2045-09-19 15:12:26
PASSENGER, False, Michael Salinas, Female, 48, Audi, 2011, 6, JvuFaomohKhmrL648, Nmr499645, Delhi, feWph9, 2011-02-27 02:55:55, 2038-03-22 01:18:00
PASSENGER, True, Sarah Parker, Female, 52, Honda, 2008, 4, MRaHxwDmvQrmWR271, ZhX2779738, Boston, tGMWu9649, 2008-03-16 14:38:02, 2025-01-26 10:40:27
PASSENGER, True, Gregory Gonzalez, Male, 30, GM, 1976, 8, HMXMbvnLBWneCI590, LnL557162, Boston, MycgL2440, 1976-08-14 21:14:23, 2009-05-21 15:49:13
COMMERCIAL, True, Manuel Garcia, Female, 45, Honda, 1992, 6, CVLabXkVAXbnJG41, PIF5569473, Arlington, rzHNa9428, 1992-07-31 05:17:44, 1996-07-27 15:10:59
PASSENGER, False, Derek Hughes, Male, 47, Audi, 2008, 4, YhQKelDXYOyMVP689, ZcQ7652587, Boston, owTDT2421, 2008-07-20 04:24:15, 2046-07-23 07:04:55
PASSENGER, False, Kyle Banks, Male, 50, GM, 2004, 4, PasTYHjzpvwcjp669, MKA178164, Boston, OCDDx3876, 2004-08-03 03:42:10, 2018-01-06 09:50:39
PASSENGER, False, Allison French, Female, 31, Tesla, 1975, 6, wAcgofMdcqZPVD761, FpH1062894, Boston, BjIGY7560, 1975-10-05 05:01:31, 2031-01-09 16:31:10
PASSENGER, False, Gloria Wilson, Male, 46, GM, 1992, 4, bcAVypaYCdatQo587, JQl1082704, Boston, nbmsR3921, 1992-09-01 22:39:53, 2007-07-15 03:00:14
RENTAL, True, Jonathan Brown, Female, 27, Toyota, 1987, 4, opQIVqNJPSGItf64, Olu8232126, Delhi, Xrvks1095, 1987-01-14 18:51:56, 1988-12-12 22:34:26
PASSENGER, True, Jerry Mueller, Male, 40, Honda, 1997, 6, AMbWaSvDczLRMH42, Taj53963, Tokyo, cnRzm8219, 1997-06-03 06:28:07, 2019-05-05 09:38:39
PASSENGER, True, Joshua Noble, Male, 42, GM, 1987, 4, rATMxirWdxALrn320, EBZ5661879, Boston, jIrSs762, 1987-02-26 20:32:22, 2062-04-06 11:29:58
RENTAL, True, Kimberly Burton, Male, 49, GM, 1987, 4, EGxqqSsCfodaIt867, Iea3164383, Boston, yJWnz3393, 1987-12-16 21:24:13, 2016-05-12 08:36:05
PASSENGER, True, Michael Gardner, Male, 49, GM, 1990, 8, GaYvYPjMgaghua642, dks858218, Boston, nMtwh2855, 1990-08-22 21:39:26, 2034-12-19 20:08:01
PASSENGER, True, Debra Martin, Male, 22, Honda, 1983, 4, FsOICwZnTugFat249, LDU6746995, Seattle, julnc4746, 1983-10-22 11:37:15, 2021-08-30 16:50:14
PASSENGER, True, Larry Martin, Male, 44, Ford, 2001, 6, rEVrsOgTbuZkDe52, tSI7158625, Boston, XgPNw3132, 2001-08-22 07:34:04, 2009-09-07 02:53:20
RENTAL, True, Kimberly Walker, Female, 35, Audi, 2002, 4, SPyxbTFiYvzqkr116, NJu3284285, Delhi, tdAoH9667, 2002-10-14 11:00:43, 2036-10-05 13:23:48
PASSENGER, True, Gregory Phelps, Male, 23, GM, 2019, 4, nbDUldwnEuOAGu187, VAp7861133, Boston, weuxf8826, 2019-03-24 03:28:05, 2022-09-07 00:17:28
RENTAL, True, Michelle Ferguson, Female, 49, Ford, 1984, 4, HIuCKETSbdQowe698, bUW5322146, Boston, xqsXP1921, 1984-11-29 03:21:48, 1998-08-19 00:50:07
PASSENGER, True, Michelle Hopkins, Male, 47, BMW, 1977, 4, NXzIIGlDFANqot150, SfI8248163, Tokyo, xQnoo1248, 1977-10-21 01:10:13, 2040-02-28 04:26:59
RENTAL, True, Paul Thompson DVM, Female, 35, Toyota, 1990, 4, RFtIxXXDbhbTfU956, IFk2416212, Boston, iYhop9095, 1990-08-19 06:40:06, 2057-09-11 23:32:09
PASSENGER, True, Leslie West, Female, 35, Tesla, 1977, 2, LpSoJaKTJKlEhx841, UXK8621801, Seattle, PlXtu8911, 1977-02-16 17:25:26, 2002-06-25 19:05:37
PASSENGER, True, John Mosley, Male, 49, Audi, 1970, 4, WcAFCozESEGVKZ454, zzl1467409, Bangalore, ljnnU7325, 1970-07-06 21:42:17, 1993-06-30 04:05:14
PASSENGER, True, Gregory Mitchell, Female, 31, GM, 1987, 8, VLPotYDvyfygLx386, AYJ59655, Arlington, iuEYx3381, 1987-01-02 11:26:02, 2034-09-11 10:50:42
PASSENGER, True, Susan Taylor, Male, 31, GM, 1988, 2, qJfJdhOITakhGO183, ffG3575963, Arlington, JrATK2433, 1988-09-15 17:10:23, 2007-03-23 12:34:48
PASSENGER, True, Kelly Smith, Male, 48, Audi, 1978, 4, tazGWpCpkVJzyV244, RRA5721652, Boston, rAhqz9279, 1978-06-01 11:40:58, 2027-02-20 07:58:48
PASSENGER, True, Kathleen Allen, Male, 28, BMW, 1978, 8, BpIGuCRmWzUTYk817, pAs8972672, Delhi, Rjmdf8101, 1978-07-01 21:21:42, 2015-03-06 15:28:25
PASSENGER, True, Dale Farley, Male, 22, GM, 1997, 4, EqKeBKpYhccUcA894, TcP06865, Boston, iaWHA4998, 1997-05-16 19:25:31, 2012-11-06 01:51:51
PASSENGER, True, Amanda Brown, Male, 27, Tesla, 1971, 4, QXwgLQlGVIrXsb518, vRn4124351, Seattle, boTGq7578, 1971-09-11 05:03:29, 2057-09-18 05:42:02
PASSENGER, True, Megan Vaughn, Female, 31, GM, 1980, 4, LucQhJhffeHlUp643, lsY8373130, Boston, ETeaf4945, 1980-04-29 19:20:11, 2018-04-14 09:21:11
PASSENGER, True, Henry Morris, Female, 44, Tesla, 1984, 2, YCCkSupTyvaUVA747, bZM3395805, Delhi, wGacZ7190, 1984-03-26 21:42:00, 2022-11-26 17:36:13
COMMERCIAL, True, Kathleen Brown, Male, 44, Ford, 1971, 4, zRtkuQAytSVrUz108, wBv7182088, Boston, KAyUx73, 1971-09-28 07:53:54, 2039-07-21 19:38:10
PASSENGER, True, Thomas Wright, Female, 53, Tesla, 1974, 4, dgyJOpwgxaltNp68, evV8775526, Delhi, JtvyQ5134, 1974-11-25 18:32:18, 2061-02-01 14:25:01
PASSENGER, True, Richard Sanchez, Male, 23, Audi, 1977, 6, ksGFdpOowTmquq153, MEt8957838, Boston, PLWsU5413, 1977-03-30 12:25:50, 2012-03-07 09:14:39
PASSENGER, False, Laura Miller, Male, 45, BMW, 1971, 4, KqKczRzrYCwTTi619, zOz5922945, New York, mXavy5228, 1971-07-15 03:01:18, 2007-07-04 19:19:43
PASSENGER, True, Jessica Mitchell, Female, 37, BMW, 1979, 8, QbQyWrcgRXNdoj620, ZAF4515173, Boston, GTUFo5877, 1979-10-01 01:56:47, 2055-04-17 00:55:20
RENTAL, False, Elaine Reyes, Male, 38, Honda, 1972, 6, qtNFLXJrtXkfNo250, hoO8943807, Boston, zbvog7980, 1972-08-22 12:57:30, 2002-05-31 15:18:45
PASSENGER, True, Cassandra Turner, Female, 37, Ford, 1988, 4, FGnzyEIAEodBXO272, UWI7962656, Seattle, UAHqS406, 1988-01-28 04:32:16, 2035-06-01 16:52:22
PASSENGER, True, Tiffany Hall, Female, 25, Honda, 1999, 8, IccKpzteKljwdU612, BaW1325709, Boston, zpfAO7190, 1999-10-02 19:13:55, 2030-08-22 03:53:22
PASSENGER, True, Diane Ferguson, Female, 52, BMW, 1999, 4, vlVCGdkYtQrChD840, rdD2433449, Delhi, UxNXY7010, 1999-09-07 19:13:18, 2011-12-31 10:37:52
COMMERCIAL, True, Annette Johnson, Female, 32, Toyota, 1987, 4, sFsrduVytoOIhV345, rQK9028525, Bangalore, hFEiO6460, 1987-01-19 23:33:03, 1997-02-24 22:06:39
PASSENGER, True, Tammy Meyers, Female, 24, Honda, 2002, 4, bfnqMifQokabZW822, YXy708819, New York, bWtOx8364, 2002-07-22 16:29:20, 2004-08-16 14:25:45